{"cameraMode":{"drawMode":0,"name":"Shaded","section":"Shading Mode"},"sceneLighting":true,"audioPlay":false,"sceneViewState":{"showFog":true,"showMaterialUpdate":true,"showSkybox":true,"showFlares":true,"showImageEffects":true,"showParticleSystems":true},"in2DMode":false,"pivot":{"x":0.53156578540802,"y":0.0014208555221557618,"z":0.4996424913406372},"rotation":{"x":-0.10645005106925965,"y":0.3864439129829407,"z":-0.04495112970471382,"w":-0.9150458574295044},"size":5.88049840927124,"orthographic":true}