{"cameraMode":{"drawMode":0,"name":"Shaded","section":"Shading Mode"},"sceneLighting":true,"audioPlay":false,"sceneViewState":{"showFog":true,"showMaterialUpdate":true,"showSkybox":true,"showFlares":true,"showImageEffects":true,"showParticleSystems":true},"in2DMode":false,"pivot":{"x":1.0038026571273804,"y":-0.5820468664169312,"z":0.8341732621192932},"rotation":{"x":0.011418142355978489,"y":-0.865547239780426,"z":0.01974482461810112,"w":0.5003077983856201},"size":2.394099712371826,"orthographic":true}