{"cameraMode":{"drawMode":0,"name":"Shaded","section":"Shading Mode"},"sceneLighting":true,"audioPlay":false,"sceneViewState":{"showFog":true,"showMaterialUpdate":true,"showSkybox":true,"showFlares":true,"showImageEffects":true,"showParticleSystems":true},"in2DMode":false,"pivot":{"x":-0.16590411961078645,"y":-0.49817168712615969,"z":0.16007603704929353},"rotation":{"x":-0.08052419871091843,"y":0.9175298810005188,"z":-0.242422953248024,"w":-0.3047718405723572},"size":2.48592472076416,"orthographic":false}