{"cameraMode":{"drawMode":0,"name":"Shaded","section":"Shading Mode"},"sceneLighting":true,"audioPlay":false,"sceneViewState":{"showFog":true,"showMaterialUpdate":true,"showSkybox":true,"showFlares":true,"showImageEffects":true,"showParticleSystems":true},"in2DMode":false,"pivot":{"x":-0.4660310447216034,"y":-0.6924268007278442,"z":0.5491482019424439},"rotation":{"x":-0.23276738822460175,"y":0.3214390277862549,"z":-0.08183969557285309,"w":-0.9142202734947205},"size":5.383688449859619,"orthographic":true}