{"cameraMode":{"drawMode":0,"name":"Shaded","section":"Shading Mode"},"sceneLighting":true,"audioPlay":false,"sceneViewState":{"showFog":true,"showMaterialUpdate":true,"showSkybox":true,"showFlares":true,"showImageEffects":true,"showParticleSystems":true},"in2DMode":false,"pivot":{"x":0.23394775390625,"y":0.1632080078125,"z":-0.37663185596466067},"rotation":{"x":-0.15362192690372468,"y":0.15991057455539704,"z":-0.025196166709065439,"w":-0.9747790694236755},"size":2.413241147994995,"orthographic":true}