{"cameraMode":{"drawMode":0,"name":"Shaded","section":"Shading Mode"},"sceneLighting":true,"audioPlay":false,"sceneViewState":{"showFog":true,"showMaterialUpdate":true,"showSkybox":true,"showFlares":true,"showImageEffects":true,"showParticleSystems":true},"in2DMode":false,"pivot":{"x":-0.9038287401199341,"y":-0.4286201000213623,"z":0.5485954880714417},"rotation":{"x":-0.17072519659996034,"y":0.427601158618927,"z":-0.08259356766939163,"w":-0.8838487267494202},"size":2.034734010696411,"orthographic":true}